{
  "UAL1608-1434284150-airline-0067": {
    "ident": "UAL1608",
    "timestamp": "1434510446",
    "longitude": "-105.07861",
    "latitude": "38.31167",
    "groundspeed": "420",
    "altitude": "360",
    "updateType": "TZ",
    "heading": "274",
    "arrivalTime": "0"
  },
  "UAL1284-1434284214-airline-0010": {
    "ident": "UAL1284",
    "timestamp": "1434510744",
    "longitude": "-116.43275",
    "latitude": "38.12796",
    "groundspeed": "418",
    "altitude": "360",
    "updateType": "TA",
    "heading": "265",
    "arrivalTime": "0"
  },
  "UAL394-1434284183-airline-0275": {
    "ident": "UAL394",
    "timestamp": "1434510464",
    "longitude": "-120.12055",
    "latitude": "37.02945",
    "groundspeed": "526",
    "altitude": "280",
    "updateType": "TZ",
    "heading": "83",
    "arrivalTime": "0"
  },
  "UAL1681-1434284019-airline-0017": {
    "ident": "UAL1681",
    "timestamp": "1434510748",
    "longitude": "-113.90917",
    "latitude": "38.21631",
    "groundspeed": "417",
    "altitude": "360",
    "updateType": "TA",
    "heading": "275",
    "arrivalTime": "0"
  },
  "VRD77-1434322500-schedule-0084": {
    "ident": "VRD77",
    "timestamp": "1434510767",
    "longitude": "-107.96670",
    "latitude": "38.37450",
    "groundspeed": "439",
    "altitude": "360",
    "updateType": "TA",
    "heading": "271",
    "arrivalTime": "0"
  },
  "SKW6412-1434259575-airline-0109": {
    "ident": "SKW6412",
    "timestamp": "1434510897",
    "longitude": "-122.56130",
    "latitude": "37.79381",
    "groundspeed": "340",
    "altitude": "124",
    "updateType": "TA",
    "heading": "140",
    "arrivalTime": "0"
  },
  "VRD222-1434327300-schedule-0092": {
    "ident": "VRD222",
    "timestamp": "1434510780",
    "longitude": "-99.02999",
    "latitude": "30.84779",
    "groundspeed": "424",
    "altitude": "255",
    "updateType": "TA",
    "heading": "103",
    "arrivalTime": "0"
  },
  "UAL8-1434346177-airline-0154": {
    "ident": "UAL8",
    "timestamp": "1434510780",
    "longitude": "107.97712",
    "latitude": "35.14437",
    "groundspeed": "",
    "altitude": "0",
    "updateType": "TP",
    "heading": "38",
    "arrivalTime": "0"
  },
  "SWA4840-1434330300-schedule-0104": {
    "ident": "SWA4840",
    "timestamp": "1434510440",
    "longitude": "-121.91722",
    "latitude": "36.81361",
    "groundspeed": "345",
    "altitude": "158",
    "updateType": "TZ",
    "heading": "341",
    "arrivalTime": "0"
  },
  "UAL9-1434313200-schedule-0055": {
    "ident": "UAL9",
    "timestamp": "1434510780",
    "longitude": "164.93977",
    "latitude": "54.45394",
    "groundspeed": "510",
    "altitude": "400",
    "updateType": "TP",
    "heading": "236",
    "arrivalTime": "0"
  },
  "CPA879-1434314100-schedule-0059": {
    "ident": "CPA879",
    "timestamp": "1434510445",
    "longitude": "176.50000",
    "latitude": "53.08333",
    "groundspeed": "560",
    "altitude": "340",
    "updateType": "TZ",
    "heading": "270",
    "arrivalTime": "0"
  },
  "SKW6414-1434284377-airline-0084": {
    "ident": "SKW6414",
    "timestamp": "1434510477",
    "longitude": "-122.12000",
    "latitude": "38.14111",
    "groundspeed": "319",
    "altitude": "154",
    "updateType": "TZ",
    "heading": "19",
    "arrivalTime": "0"
  },
  "UAL477-1434260085-airline-0118": {
    "ident": "UAL477",
    "timestamp": "1434510477",
    "longitude": "-117.86361",
    "latitude": "40.24639",
    "groundspeed": "481",
    "altitude": "350",
    "updateType": "TZ",
    "heading": "68",
    "arrivalTime": "0"
  },
  "DAL2027-1434336720-schedule-0005": {
    "ident": "DAL2027",
    "timestamp": "1434510780",
    "longitude": "-94.13847",
    "latitude": "45.03816",
    "groundspeed": "",
    "altitude": "0",
    "updateType": "TP",
    "heading": "280",
    "arrivalTime": "0"
  },
  "UAL1531-1434252434-airline-0088": {
    "ident": "UAL1531",
    "timestamp": "1434510780",
    "longitude": "-82.94919",
    "latitude": "34.22713",
    "groundspeed": "464",
    "altitude": "370",
    "updateType": "TA",
    "heading": "102",
    "arrivalTime": "0"
  },
  "UAE226-1434325500-schedule-0029:0": {
    "ident": "UAE226",
    "timestamp": "1434510471",
    "longitude": "-102.80000",
    "latitude": "58.05000",
    "groundspeed": "490",
    "altitude": "330",
    "updateType": "TZ",
    "heading": "28",
    "arrivalTime": "0"
  },
  "ASA385-1434331500-schedule-0031": {
    "ident": "ASA385",
    "timestamp": "1434510473",
    "longitude": "-122.33861",
    "latitude": "47.14972",
    "groundspeed": "262",
    "altitude": "57",
    "updateType": "TZ",
    "heading": "16",
    "arrivalTime": "0"
  },
  "UAL1684-1434284118-airline-0115": {
    "ident": "UAL1684",
    "timestamp": "1434510780",
    "longitude": "-144.37518",
    "latitude": "29.73252",
    "groundspeed": "437",
    "altitude": "340",
    "updateType": "TP",
    "heading": "241",
    "arrivalTime": "0"
  },
  "DAL715-1434331680-schedule-0004": {
    "ident": "DAL715",
    "timestamp": "1434510575",
    "longitude": "-116.92223",
    "latitude": "39.65833",
    "groundspeed": "488",
    "altitude": "370",
    "updateType": "TA",
    "heading": "65",
    "arrivalTime": "0"
  },
  "KAL24-1434314400-schedule-0006": {
    "ident": "KAL24",
    "timestamp": "1434510484",
    "longitude": "169.53334",
    "latitude": "52.88334",
    "groundspeed": "550",
    "altitude": "340",
    "updateType": "TZ",
    "heading": "239",
    "arrivalTime": "0"
  },
  "AAL1393-1434326100-schedule-0109": {
    "ident": "AAL1393",
    "timestamp": "1434510765",
    "longitude": "-110.88454",
    "latitude": "37.54678",
    "groundspeed": "435",
    "altitude": "360",
    "updateType": "TA",
    "heading": "285",
    "arrivalTime": "0"
  },
  "VRD936-1434328800-schedule-0012": {
    "ident": "VRD936",
    "timestamp": "1434510795",
    "longitude": "-118.21659",
    "latitude": "34.03519",
    "groundspeed": "206",
    "altitude": "31",
    "updateType": "TA",
    "heading": "83",
    "arrivalTime": "0"
  },
  "UAL724-1434260605-airline-0132": {
    "ident": "UAL724",
    "timestamp": "1434510798",
    "longitude": "-124.25580",
    "latitude": "36.59890",
    "groundspeed": "490",
    "altitude": "301",
    "updateType": "TA",
    "heading": "59",
    "arrivalTime": "0"
  },
  "ANA7-1434309600-schedule-0114": {
    "ident": "ANA7",
    "timestamp": "1434510780",
    "longitude": "152.44978",
    "latitude": "44.71220",
    "groundspeed": "480",
    "altitude": "350",
    "updateType": "TP",
    "heading": "228",
    "arrivalTime": "0"
  },
  "DAL241-1434324600-schedule-0096": {
    "ident": "DAL241",
    "timestamp": "1434510765",
    "longitude": "-111.43053",
    "latitude": "38.04172",
    "groundspeed": "446",
    "altitude": "340",
    "updateType": "TA",
    "heading": "276",
    "arrivalTime": "0"
  },
  "AAR211-1434310800-schedule-0066": {
    "ident": "AAR211",
    "timestamp": "1434510780",
    "longitude": "156.36157",
    "latitude": "47.08664",
    "groundspeed": "480",
    "altitude": "370",
    "updateType": "TP",
    "heading": "231",
    "arrivalTime": "0"
  },
  "DAL952-1434331740-schedule-0003": {
    "ident": "DAL952",
    "timestamp": "1434510457",
    "longitude": "-108.91695",
    "latitude": "42.44222",
    "groundspeed": "496",
    "altitude": "350",
    "updateType": "TZ",
    "heading": "73",
    "arrivalTime": "0"
  },
  "SKW6338-1434259575-airline-0019": {
    "ident": "SKW6338",
    "timestamp": "1434510472",
    "longitude": "-118.89972",
    "latitude": "33.91722",
    "groundspeed": "367",
    "altitude": "283",
    "updateType": "TZ",
    "heading": "310",
    "arrivalTime": "0"
  },
  "UAL331-1434260650-airline-0107": {
    "ident": "UAL331",
    "timestamp": "1434510482",
    "longitude": "-114.27333",
    "latitude": "38.57000",
    "groundspeed": "498",
    "altitude": "350",
    "updateType": "TZ",
    "heading": "89",
    "arrivalTime": "0"
  },
  "UAL1456-1434284085-airline-0160": {
    "ident": "UAL1456",
    "timestamp": "1434510438",
    "longitude": "-98.21889",
    "latitude": "42.42417",
    "groundspeed": "502",
    "altitude": "370",
    "updateType": "TZ",
    "heading": "104",
    "arrivalTime": "0"
  },
  "VRD941-1434331800-schedule-0096": {
    "ident": "VRD941",
    "timestamp": "1434511017",
    "longitude": "-122.25120",
    "latitude": "37.56894",
    "groundspeed": "154",
    "altitude": "21",
    "updateType": "TA",
    "heading": "296",
    "arrivalTime": "0"
  },
  "CPZ5728-1434326700-schedule-0031": {
    "ident": "CPZ5728",
    "timestamp": "1434510428",
    "longitude": "-122.80639",
    "latitude": "38.35305",
    "groundspeed": "428",
    "altitude": "238",
    "updateType": "TZ",
    "heading": "167",
    "arrivalTime": "0"
  },
  "JBU416-1434315300-schedule-0071": {
    "ident": "JBU416",
    "timestamp": "1434510778",
    "longitude": "-73.95465",
    "latitude": "40.50504",
    "groundspeed": "323",
    "altitude": "125",
    "updateType": "TA",
    "heading": "163",
    "arrivalTime": "0"
  },
  "VRD90-1434318300-schedule-0142": {
    "ident": "VRD90",
    "timestamp": "1434510767",
    "longitude": "-77.78261",
    "latitude": "38.72269",
    "groundspeed": "255",
    "altitude": "29",
    "updateType": "TA",
    "heading": "74",
    "arrivalTime": "0"
  },
  "AAL475-1434326400-schedule-0097": {
    "ident": "AAL475",
    "timestamp": "1434510778",
    "longitude": "-105.20810",
    "latitude": "38.35676",
    "groundspeed": "441",
    "altitude": "340",
    "updateType": "TA",
    "heading": "268",
    "arrivalTime": "0"
  },
  "UAL489-1434260504-airline-0178": {
    "ident": "UAL489",
    "timestamp": "1434510438",
    "longitude": "-94.27028",
    "latitude": "43.53305",
    "groundspeed": "526",
    "altitude": "350",
    "updateType": "TZ",
    "heading": "99",
    "arrivalTime": "0"
  },
  "AAL719-1434319200-schedule-0168": {
    "ident": "AAL719",
    "timestamp": "1434510775",
    "longitude": "-118.10230",
    "latitude": "37.98001",
    "groundspeed": "421",
    "altitude": "340",
    "updateType": "TA",
    "heading": "263",
    "arrivalTime": "0"
  },
  "AAL557-1434334200-schedule-0026": {
    "ident": "AAL557",
    "timestamp": "1434510786",
    "longitude": "-80.91244",
    "latitude": "35.55502",
    "groundspeed": "284",
    "altitude": "90",
    "updateType": "TA",
    "heading": "7",
    "arrivalTime": "0"
  },
  "DAL2040-1434322800-schedule-0198": {
    "ident": "DAL2040",
    "timestamp": "1434510781",
    "longitude": "-81.48104",
    "latitude": "42.24065",
    "groundspeed": "519",
    "altitude": "390",
    "updateType": "TA",
    "heading": "97",
    "arrivalTime": "0"
  },
  "KLM282-1434464448-ed-0000:0": {
    "ident": "KLM282",
    "timestamp": "1434510381",
    "longitude": "-52.90000",
    "latitude": "57.26667",
    "groundspeed": "520",
    "altitude": "350",
    "updateType": "TZ",
    "heading": "58",
    "arrivalTime": "0"
  },
  "AAL1799-1434319620-schedule-0009": {
    "ident": "AAL1799",
    "timestamp": "1434510428",
    "longitude": "-122.16556",
    "latitude": "37.55278",
    "groundspeed": "197",
    "altitude": "25",
    "updateType": "TZ",
    "heading": "283",
    "arrivalTime": "0"
  },
  "ACA739-1434321300-schedule-0107": {
    "ident": "ACA739",
    "timestamp": "1434510450",
    "longitude": "-97.52333",
    "latitude": "41.90306",
    "groundspeed": "407",
    "altitude": "320",
    "updateType": "TZ",
    "heading": "245",
    "arrivalTime": "0"
  },
  "SWA50-1434330600-schedule-0045": {
    "ident": "SWA50",
    "timestamp": "1434510476",
    "longitude": "-108.21139",
    "latitude": "36.45833",
    "groundspeed": "432",
    "altitude": "380",
    "updateType": "TZ",
    "heading": "292",
    "arrivalTime": "0"
  },
  "AAL163-1434326400-schedule-0161": {
    "ident": "AAL163",
    "timestamp": "1434510744",
    "longitude": "-91.56696",
    "latitude": "45.82864",
    "groundspeed": "394",
    "altitude": "300",
    "updateType": "TA",
    "heading": "276",
    "arrivalTime": "0"
  },
  "KLM606-1434315000-schedule-0106": {
    "ident": "KLM606",
    "timestamp": "1434510780",
    "longitude": "-41.89293",
    "latitude": "66.54009",
    "groundspeed": "",
    "altitude": "0",
    "updateType": "TP",
    "heading": "99",
    "arrivalTime": "0"
  },
  "UAL502-1434260085-airline-0356": {
    "ident": "UAL502",
    "timestamp": "1434510441",
    "longitude": "-87.42389",
    "latitude": "42.42445",
    "groundspeed": "540",
    "altitude": "390",
    "updateType": "TZ",
    "heading": "89",
    "arrivalTime": "0"
  },
  "SAS936-1434260057-airline-0140": {
    "ident": "SAS936",
    "timestamp": "1434510444",
    "longitude": "-104.02000",
    "latitude": "47.71056",
    "groundspeed": "514",
    "altitude": "350",
    "updateType": "TZ",
    "heading": "59",
    "arrivalTime": "0"
  },
  "UAL340-1434284263-airline-0198": {
    "ident": "UAL340",
    "timestamp": "1434510453",
    "longitude": "-90.00555",
    "latitude": "40.27222",
    "groundspeed": "453",
    "altitude": "340",
    "updateType": "TZ",
    "heading": "275",
    "arrivalTime": "0"
  },
  "UAL816-1434284118-airline-0085": {
    "ident": "UAL816",
    "timestamp": "1434510460",
    "longitude": "-118.37167",
    "latitude": "34.01472",
    "groundspeed": "255",
    "altitude": "70",
    "updateType": "TZ",
    "heading": "86",
    "arrivalTime": "0"
  },
  "UAL1149-1434282568-airline-0107": {
    "ident": "UAL1149",
    "timestamp": "1434510766",
    "longitude": "-89.76175",
    "latitude": "42.74841",
    "groundspeed": "515",
    "altitude": "350",
    "updateType": "TA",
    "heading": "111",
    "arrivalTime": "0"
  },
  "DAL1151-1434319500-schedule-0056": {
    "ident": "DAL1151",
    "timestamp": "1434510801",
    "longitude": "-157.70490",
    "latitude": "21.33376",
    "groundspeed": "295",
    "altitude": "90",
    "updateType": "TA",
    "heading": "240",
    "arrivalTime": "0"
  },
  "TAI560-1434330600-schedule-0009": {
    "ident": "TAI560",
    "timestamp": "1434510780",
    "longitude": "-99.28730",
    "latitude": "22.39333",
    "groundspeed": "455",
    "altitude": "340",
    "updateType": "TP",
    "heading": "313",
    "arrivalTime": "0"
  },
  "UAL736-1434284118-airline-0046": {
    "ident": "UAL736",
    "timestamp": "1434510428",
    "longitude": "-118.66111",
    "latitude": "40.09972",
    "groundspeed": "425",
    "altitude": "360",
    "updateType": "TZ",
    "heading": "242",
    "arrivalTime": "0"
  },
  "CPZ5817-1434335100-schedule-0064": {
    "ident": "CPZ5817",
    "timestamp": "1434510436",
    "longitude": "-123.21972",
    "latitude": "45.55472",
    "groundspeed": "413",
    "altitude": "350",
    "updateType": "TZ",
    "heading": "184",
    "arrivalTime": "0"
  },
  "UAL1942-1434264459-airline-0029": {
    "ident": "UAL1942",
    "timestamp": "1434510725",
    "longitude": "-120.20531",
    "latitude": "34.98266",
    "groundspeed": "508",
    "altitude": "350",
    "updateType": "TA",
    "heading": "125",
    "arrivalTime": "0"
  },
  "SKW5538-1434259660-airline-0238": {
    "ident": "SKW5538",
    "timestamp": "1434510459",
    "longitude": "-113.71083",
    "latitude": "33.36417",
    "groundspeed": "473",
    "altitude": "330",
    "updateType": "TZ",
    "heading": "116",
    "arrivalTime": "0"
  },
  "SIA15-1434315900-schedule-0081:0": {
    "ident": "SIA15",
    "timestamp": "1434510480",
    "longitude": "171.25000",
    "latitude": "53.05000",
    "groundspeed": "550",
    "altitude": "340",
    "updateType": "TZ",
    "heading": "270",
    "arrivalTime": "0"
  },
  "DAL415-1434313500-schedule-0169": {
    "ident": "DAL415",
    "timestamp": "1434510482",
    "longitude": "-108.19083",
    "latitude": "42.86583",
    "groundspeed": "422",
    "altitude": "341",
    "updateType": "TZ",
    "heading": "260",
    "arrivalTime": "0"
  },
  "UAL889-1434305400-schedule-0021": {
    "ident": "UAL889",
    "timestamp": "1434510780",
    "longitude": "135.21783",
    "latitude": "48.73857",
    "groundspeed": "520",
    "altitude": "360",
    "updateType": "TP",
    "heading": "241",
    "arrivalTime": "0"
  },
  "SKW6432-1434259575-airline-0113": {
    "ident": "SKW6432",
    "timestamp": "1434510447",
    "longitude": "-119.22611",
    "latitude": "34.08889",
    "groundspeed": "379",
    "altitude": "312",
    "updateType": "TZ",
    "heading": "313",
    "arrivalTime": "0"
  },
  "UAL901-1434284247-airline-0048": {
    "ident": "UAL901",
    "timestamp": "1434510450",
    "longitude": "-36.23333",
    "latitude": "58.06667",
    "groundspeed": "560",
    "altitude": "350",
    "updateType": "TZ",
    "heading": "84",
    "arrivalTime": "0"
  },
  "AFR83-1434321900-schedule-0036:0": {
    "ident": "AFR83",
    "timestamp": "1434510707",
    "longitude": "-88.59976",
    "latitude": "51.70253",
    "groundspeed": "567",
    "altitude": "370",
    "updateType": "TA",
    "heading": "65",
    "arrivalTime": "0"
  },
  "VRD26-1434320400-schedule-0091": {
    "ident": "VRD26",
    "timestamp": "1434510761",
    "longitude": "-74.13007",
    "latitude": "41.33794",
    "groundspeed": "404",
    "altitude": "200",
    "updateType": "TA",
    "heading": "193",
    "arrivalTime": "0"
  },
  "FFT1245-1434259866-airline-0008": {
    "ident": "FFT1245",
    "timestamp": "1434510782",
    "longitude": "-100.57460",
    "latitude": "40.33426",
    "groundspeed": "393",
    "altitude": "350",
    "updateType": "TA",
    "heading": "263",
    "arrivalTime": "0"
  },
  "JBU578-1434317100-schedule-0118": {
    "ident": "JBU578",
    "timestamp": "1434510457",
    "longitude": "-80.97028",
    "latitude": "26.14472",
    "groundspeed": "283",
    "altitude": "77",
    "updateType": "TZ",
    "heading": "117",
    "arrivalTime": "0"
  },
  "UAL1073-1434284085-airline-0028": {
    "ident": "UAL1073",
    "timestamp": "1434510712",
    "longitude": "-87.51500",
    "latitude": "43.15337",
    "groundspeed": "537",
    "altitude": "370",
    "updateType": "TA",
    "heading": "87",
    "arrivalTime": "0"
  },
  "VRD720-1434327900-schedule-0079": {
    "ident": "VRD720",
    "timestamp": "1434510744",
    "longitude": "-98.65150",
    "latitude": "33.98565",
    "groundspeed": "452",
    "altitude": "333",
    "updateType": "TA",
    "heading": "118",
    "arrivalTime": "0"
  },
  "VRD719-1434326400-schedule-0180": {
    "ident": "VRD719",
    "timestamp": "1434510765",
    "longitude": "-107.85780",
    "latitude": "35.51884",
    "groundspeed": "433",
    "altitude": "380",
    "updateType": "TA",
    "heading": "300",
    "arrivalTime": "0"
  },
  "UAL741-1434260488-airline-0168": {
    "ident": "UAL741",
    "timestamp": "1434510446",
    "longitude": "-109.43916",
    "latitude": "38.34333",
    "groundspeed": "442",
    "altitude": "340",
    "updateType": "TZ",
    "heading": "270",
    "arrivalTime": "0"
  },
  "DAL2209-1434329100-schedule-0095": {
    "ident": "DAL2209",
    "timestamp": "1434510463",
    "longitude": "-103.07056",
    "latitude": "44.79417",
    "groundspeed": "377",
    "altitude": "340",
    "updateType": "TZ",
    "heading": "253",
    "arrivalTime": "0"
  },
  "UAL903-1434284118-airline-0080:0": {
    "ident": "UAL903",
    "timestamp": "1434510471",
    "longitude": "-54.75000",
    "latitude": "57.13334",
    "groundspeed": "550",
    "altitude": "360",
    "updateType": "TZ",
    "heading": "73",
    "arrivalTime": "0"
  },
  "EVA28-1434295800-schedule-0233": {
    "ident": "EVA28",
    "timestamp": "1434510703",
    "longitude": "-122.31424",
    "latitude": "37.59315",
    "groundspeed": "145",
    "altitude": "8",
    "updateType": "TA",
    "heading": "298",
    "arrivalTime": "0"
  },
  "UAL893-1434304200-schedule-0082": {
    "ident": "UAL893",
    "timestamp": "1434510780",
    "longitude": "147.49471",
    "latitude": "42.40609",
    "groundspeed": "495",
    "altitude": "360",
    "updateType": "TP",
    "heading": "222",
    "arrivalTime": "0"
  },
  "UAL508-1434252402-airline-0027": {
    "ident": "UAL508",
    "timestamp": "1434510436",
    "longitude": "-123.26472",
    "latitude": "44.99833",
    "groundspeed": "436",
    "altitude": "349",
    "updateType": "TZ",
    "heading": "185",
    "arrivalTime": "0"
  },
  "UAL1947-1434249566-airline-0078": {
    "ident": "UAL1947",
    "timestamp": "1434510452",
    "longitude": "-121.22833",
    "latitude": "37.59667",
    "groundspeed": "364",
    "altitude": "164",
    "updateType": "TZ",
    "heading": "262",
    "arrivalTime": "0"
  },
  "AAL719P-1434487555-119-0": {
    "ident": "AAL719P",
    "timestamp": "1434510476",
    "longitude": "-117.34361",
    "latitude": "38.06055",
    "groundspeed": "432",
    "altitude": "340",
    "updateType": "TZ",
    "heading": "262",
    "arrivalTime": "0"
  },
  "FDX1345-1434498217-282-0": {
    "ident": "FDX1345",
    "timestamp": "1434510734",
    "longitude": "-112.49702",
    "latitude": "38.28355",
    "groundspeed": "508",
    "altitude": "370",
    "updateType": "TA",
    "heading": "92",
    "arrivalTime": "0"
  },
  "UAL427-1434260083-airline-0279": {
    "ident": "UAL427",
    "timestamp": "1434510780",
    "longitude": "-143.25388",
    "latitude": "27.22387",
    "groundspeed": "415",
    "altitude": "360",
    "updateType": "TP",
    "heading": "245",
    "arrivalTime": "0"
  },
  "VRD29-1434322500-schedule-0070": {
    "ident": "VRD29",
    "timestamp": "1434510786",
    "longitude": "-90.52503",
    "latitude": "41.12346",
    "groundspeed": "386",
    "altitude": "360",
    "updateType": "TA",
    "heading": "267",
    "arrivalTime": "0"
  },
  "UAL743-1434284085-airline-0056": {
    "ident": "UAL743",
    "timestamp": "1434510428",
    "longitude": "-117.67223",
    "latitude": "38.07250",
    "groundspeed": "402",
    "altitude": "380",
    "updateType": "TZ",
    "heading": "261",
    "arrivalTime": "0"
  },
  "HAL12-1434325500-schedule-0012": {
    "ident": "HAL12",
    "timestamp": "1434510780",
    "longitude": "-131.47014",
    "latitude": "34.04502",
    "groundspeed": "502",
    "altitude": "400",
    "updateType": "TP",
    "heading": "68",
    "arrivalTime": "0"
  },
  "UAL1635-1434270573-airline-0080": {
    "ident": "UAL1635",
    "timestamp": "1434510783",
    "longitude": "-119.27252",
    "latitude": "38.44475",
    "groundspeed": "501",
    "altitude": "370",
    "updateType": "TA",
    "heading": "81",
    "arrivalTime": "0"
  },
  "UAL1951-1434284135-airline-0011": {
    "ident": "UAL1951",
    "timestamp": "1434510444",
    "longitude": "-112.57389",
    "latitude": "38.50333",
    "groundspeed": "419",
    "altitude": "380",
    "updateType": "TZ",
    "heading": "264",
    "arrivalTime": "0"
  },
  "UAL512-1434260488-airline-0010": {
    "ident": "UAL512",
    "timestamp": "1434510458",
    "longitude": "-102.81445",
    "latitude": "43.63083",
    "groundspeed": "404",
    "altitude": "320",
    "updateType": "TZ",
    "heading": "260",
    "arrivalTime": "0"
  },
  "ASA337-1434336000-schedule-0043": {
    "ident": "ASA337",
    "timestamp": "1434510464",
    "longitude": "-122.05945",
    "latitude": "39.18472",
    "groundspeed": "470",
    "altitude": "292",
    "updateType": "TZ",
    "heading": "356",
    "arrivalTime": "0"
  },
  "UAL1717-1434252402-airline-0042": {
    "ident": "UAL1717",
    "timestamp": "1434510775",
    "longitude": "-123.39330",
    "latitude": "46.65033",
    "groundspeed": "418",
    "altitude": "313",
    "updateType": "TA",
    "heading": "217",
    "arrivalTime": "0"
  },
  "UAL35-1434306300-schedule-0020": {
    "ident": "UAL35",
    "timestamp": "1434510780",
    "longitude": "146.16602",
    "latitude": "41.38326",
    "groundspeed": "495",
    "altitude": "390",
    "updateType": "TP",
    "heading": "224",
    "arrivalTime": "0"
  },
  "VIR20-1434329400-schedule-0077:0": {
    "ident": "VIR20",
    "timestamp": "1434510611",
    "longitude": "-105.49960",
    "latitude": "44.74883",
    "groundspeed": "533",
    "altitude": "350",
    "updateType": "TA",
    "heading": "68",
    "arrivalTime": "0"
  },
  "AAL615Q-1434499279-669-0": {
    "ident": "AAL615Q",
    "timestamp": "1434510463",
    "longitude": "-96.65916",
    "latitude": "41.52333",
    "groundspeed": "400",
    "altitude": "360",
    "updateType": "TZ",
    "heading": "264",
    "arrivalTime": "0"
  },
  "AAL490-1434329400-schedule-0057": {
    "ident": "AAL490",
    "timestamp": "1434510743",
    "longitude": "-92.46768",
    "latitude": "40.94376",
    "groundspeed": "412",
    "altitude": "300",
    "updateType": "TA",
    "heading": "270",
    "arrivalTime": "0"
  },
  "UAL1637-1434254024-airline-0033": {
    "ident": "UAL1637",
    "timestamp": "1434510783",
    "longitude": "-122.24481",
    "latitude": "40.55510",
    "groundspeed": "466",
    "altitude": "360",
    "updateType": "TA",
    "heading": "357",
    "arrivalTime": "0"
  },
  "UAL514-1434260488-airline-0003": {
    "ident": "UAL514",
    "timestamp": "1434510438",
    "longitude": "-96.08278",
    "latitude": "45.11361",
    "groundspeed": "367",
    "altitude": "380",
    "updateType": "TZ",
    "heading": "253",
    "arrivalTime": "0"
  },
  "ACA753-1434313800-schedule-0170": {
    "ident": "ACA753",
    "timestamp": "1434510463",
    "longitude": "-99.59722",
    "latitude": "42.21917",
    "groundspeed": "415",
    "altitude": "300",
    "updateType": "TZ",
    "heading": "282",
    "arrivalTime": "0"
  },
  "AAL177-1434319200-schedule-0049": {
    "ident": "AAL177",
    "timestamp": "1434510475",
    "longitude": "-102.27944",
    "latitude": "44.00167",
    "groundspeed": "383",
    "altitude": "360",
    "updateType": "TZ",
    "heading": "252",
    "arrivalTime": "0"
  },
  "UAL587-1434260520-airline-0119": {
    "ident": "UAL587",
    "timestamp": "1434510464",
    "longitude": "-122.08305",
    "latitude": "36.38028",
    "groundspeed": "495",
    "altitude": "249",
    "updateType": "TZ",
    "heading": "137",
    "arrivalTime": "0"
  },
  "AMX664-1434324660-schedule-0003": {
    "ident": "AMX664",
    "timestamp": "1434510773",
    "longitude": "-114.93550",
    "latitude": "32.26861",
    "groundspeed": "405",
    "altitude": "380",
    "updateType": "TA",
    "heading": "303",
    "arrivalTime": "0"
  },
  "EIN146-1434327600-schedule-0139:0": {
    "ident": "EIN146",
    "timestamp": "1434510426",
    "longitude": "-101.68861",
    "latitude": "45.44194",
    "groundspeed": "530",
    "altitude": "350",
    "updateType": "TZ",
    "heading": "66",
    "arrivalTime": "0"
  },
  "GTH31-1434278557-dlad-3773987:0": {
    "ident": "GTH31",
    "timestamp": "1434510444",
    "longitude": "-111.20583",
    "latitude": "42.39972",
    "groundspeed": "427",
    "altitude": "414",
    "updateType": "TZ",
    "heading": "248",
    "arrivalTime": "0"
  },
  "UAL1723-1434282568-airline-0010": {
    "ident": "UAL1723",
    "timestamp": "1434510780",
    "longitude": "-140.44055",
    "latitude": "31.55789",
    "groundspeed": "418",
    "altitude": "340",
    "updateType": "TP",
    "heading": "243",
    "arrivalTime": "0"
  },
  "SKW4976-1434260085-airline-0300": {
    "ident": "SKW4976",
    "timestamp": "1434510791",
    "longitude": "-96.25330",
    "latitude": "39.06352",
    "groundspeed": "465",
    "altitude": "350",
    "updateType": "TA",
    "heading": "88",
    "arrivalTime": "0"
  },
  "JBU833-1434329160-schedule-0006": {
    "ident": "JBU833",
    "timestamp": "1434510795",
    "longitude": "-86.92017",
    "latitude": "39.96378",
    "groundspeed": "416",
    "altitude": "340",
    "updateType": "TA",
    "heading": "267",
    "arrivalTime": "0"
  },
  "FFT663-1434259866-airline-0156": {
    "ident": "FFT663",
    "timestamp": "1434510789",
    "longitude": "-111.92822",
    "latitude": "39.20895",
    "groundspeed": "416",
    "altitude": "360",
    "updateType": "TA",
    "heading": "258",
    "arrivalTime": "0"
  },
  "SCX396-1434328500-schedule-0005": {
    "ident": "SCX396",
    "timestamp": "1434510452",
    "longitude": "-120.46361",
    "latitude": "39.09889",
    "groundspeed": "486",
    "altitude": "361",
    "updateType": "TZ",
    "heading": "52",
    "arrivalTime": "0"
  },
  "UAL1643-1434284150-airline-0062": {
    "ident": "UAL1643",
    "timestamp": "1434510754",
    "longitude": "-97.24399",
    "latitude": "40.13953",
    "groundspeed": "410",
    "altitude": "360",
    "updateType": "TA",
    "heading": "261",
    "arrivalTime": "0"
  },
  "JBU915-1434313800-schedule-0231": {
    "ident": "JBU915",
    "timestamp": "1434510762",
    "longitude": "-122.14587",
    "latitude": "37.60899",
    "groundspeed": "249",
    "altitude": "67",
    "updateType": "TA",
    "heading": "123",
    "arrivalTime": "0"
  },
  "JBU277-1434325800-schedule-0062": {
    "ident": "JBU277",
    "timestamp": "1434510452",
    "longitude": "-104.50777",
    "latitude": "34.76083",
    "groundspeed": "454",
    "altitude": "360",
    "updateType": "TZ",
    "heading": "258",
    "arrivalTime": "0"
  },
  "DAL431-1434320100-schedule-0110": {
    "ident": "DAL431",
    "timestamp": "1434510796",
    "longitude": "-106.06290",
    "latitude": "43.02493",
    "groundspeed": "413",
    "altitude": "360",
    "updateType": "TA",
    "heading": "258",
    "arrivalTime": "0"
  },
  "SCX397-1434329700-schedule-0112": {
    "ident": "SCX397",
    "timestamp": "1434510785",
    "longitude": "-109.69337",
    "latitude": "41.00503",
    "groundspeed": "432",
    "altitude": "400",
    "updateType": "TA",
    "heading": "232",
    "arrivalTime": "0"
  },
  "ACA759-1434329700-schedule-0147": {
    "ident": "ACA759",
    "timestamp": "1434510453",
    "longitude": "-91.86584",
    "latitude": "42.85528",
    "groundspeed": "384",
    "altitude": "380",
    "updateType": "TZ",
    "heading": "263",
    "arrivalTime": "0"
  },
  "UAL277-1434260605-airline-0036": {
    "ident": "UAL277",
    "timestamp": "1434510459",
    "longitude": "-110.46584",
    "latitude": "38.31528",
    "groundspeed": "431",
    "altitude": "340",
    "updateType": "TZ",
    "heading": "269",
    "arrivalTime": "0"
  },
  "SKW5161-1434259525-airline-0212": {
    "ident": "SKW5161",
    "timestamp": "1434510783",
    "longitude": "-118.78906",
    "latitude": "39.40712",
    "groundspeed": "462",
    "altitude": "370",
    "updateType": "TA",
    "heading": "69",
    "arrivalTime": "0"
  },
  "AMF1150-1434478693-680-0": {
    "ident": "AMF1150",
    "timestamp": "1434510477",
    "longitude": "-122.07611",
    "latitude": "37.53194",
    "groundspeed": "219",
    "altitude": "44",
    "updateType": "TZ",
    "heading": "294",
    "arrivalTime": "0"
  },
  "UAL1728-1434284003-airline-0127": {
    "ident": "UAL1728",
    "timestamp": "1434510428",
    "longitude": "-125.67028",
    "latitude": "35.88722",
    "groundspeed": "503",
    "altitude": "340",
    "updateType": "TZ",
    "heading": "65",
    "arrivalTime": "0"
  },
  "DAL2773-1434333900-schedule-0010": {
    "ident": "DAL2773",
    "timestamp": "1434510440",
    "longitude": "-122.20084",
    "latitude": "37.39305",
    "groundspeed": "246",
    "altitude": "54",
    "updateType": "TZ",
    "heading": "76",
    "arrivalTime": "0"
  },
  "FFT668-1434259866-airline-0157": {
    "ident": "FFT668",
    "timestamp": "1434510457",
    "longitude": "-109.97444",
    "latitude": "39.85639",
    "groundspeed": "485",
    "altitude": "388",
    "updateType": "TZ",
    "heading": "82",
    "arrivalTime": "0"
  },
  "UAL990-1434284101-airline-0166": {
    "ident": "UAL990",
    "timestamp": "1434510470",
    "longitude": "-74.36667",
    "latitude": "52.25000",
    "groundspeed": "510",
    "altitude": "370",
    "updateType": "TZ",
    "heading": "83",
    "arrivalTime": "0"
  },
  "VRD969-1434336600-schedule-0076": {
    "ident": "VRD969",
    "timestamp": "1434510798",
    "longitude": "-118.47510",
    "latitude": "33.44322",
    "groundspeed": "450",
    "altitude": "266",
    "updateType": "TA",
    "heading": "316",
    "arrivalTime": "0"
  },
  "UAL837-1434306900-schedule-0177": {
    "ident": "UAL837",
    "timestamp": "1434510780",
    "longitude": "147.35828",
    "latitude": "41.07508",
    "groundspeed": "489",
    "altitude": "380",
    "updateType": "TP",
    "heading": "224",
    "arrivalTime": "0"
  },
  "DAL435-1434326400-schedule-0160": {
    "ident": "DAL435",
    "timestamp": "1434510766",
    "longitude": "-88.75293",
    "latitude": "41.79977",
    "groundspeed": "394",
    "altitude": "360",
    "updateType": "TA",
    "heading": "270",
    "arrivalTime": "0"
  },
  "UAL362-1434260968-airline-0163": {
    "ident": "UAL362",
    "timestamp": "1434510780",
    "longitude": "-125.76809",
    "latitude": "35.84721",
    "groundspeed": "511",
    "altitude": "330",
    "updateType": "TP",
    "heading": "67",
    "arrivalTime": "0"
  },
  "UAL444-1434260083-airline-0461": {
    "ident": "UAL444",
    "timestamp": "1434510438",
    "longitude": "-95.68417",
    "latitude": "44.33028",
    "groundspeed": "542",
    "altitude": "350",
    "updateType": "TZ",
    "heading": "92",
    "arrivalTime": "0"
  },
  "AAL2411-1434326100-schedule-0064": {
    "ident": "AAL2411",
    "timestamp": "1434510452",
    "longitude": "-102.20361",
    "latitude": "35.82555",
    "groundspeed": "446",
    "altitude": "360",
    "updateType": "TZ",
    "heading": "289",
    "arrivalTime": "0"
  },
  "UAL1731-1434254306-airline-0055": {
    "ident": "UAL1731",
    "timestamp": "1434510756",
    "longitude": "-122.14230",
    "latitude": "37.54459",
    "groundspeed": "183",
    "altitude": "35",
    "updateType": "TA",
    "heading": "293",
    "arrivalTime": "0"
  },
  "SKW6220-1434259558-airline-0091": {
    "ident": "SKW6220",
    "timestamp": "1434510799",
    "longitude": "-109.06350",
    "latitude": "36.66005",
    "groundspeed": "441",
    "altitude": "360",
    "updateType": "TA",
    "heading": "292",
    "arrivalTime": "0"
  },
  "SWR39-1434335100-schedule-0029:2": {
    "ident": "SWR39",
    "timestamp": "1434510740",
    "longitude": "-119.02610",
    "latitude": "39.91750",
    "groundspeed": "497",
    "altitude": "330",
    "updateType": "TA",
    "heading": "51",
    "arrivalTime": "0"
  },
  "CPZ5681-1434333600-schedule-0013": {
    "ident": "CPZ5681",
    "timestamp": "1434510424",
    "longitude": "-122.31361",
    "latitude": "41.63334",
    "groundspeed": "442",
    "altitude": "340",
    "updateType": "TZ",
    "heading": "357",
    "arrivalTime": "0"
  },
  "UAL1176-1434284214-airline-0100": {
    "ident": "UAL1176",
    "timestamp": "1434510780",
    "longitude": "-140.55692",
    "latitude": "30.46396",
    "groundspeed": "480",
    "altitude": "330",
    "updateType": "TP",
    "heading": "63",
    "arrivalTime": "0"
  },
  "SWA4731-1434331200-schedule-0085": {
    "ident": "SWA4731",
    "timestamp": "1434510475",
    "longitude": "-96.28000",
    "latitude": "41.41139",
    "groundspeed": "408",
    "altitude": "360",
    "updateType": "TZ",
    "heading": "269",
    "arrivalTime": "0"
  },
  "UAL926-1434333900-schedule-0026": {
    "ident": "UAL926",
    "timestamp": "1434510779",
    "longitude": "-117.90540",
    "latitude": "40.37592",
    "groundspeed": "535",
    "altitude": "330",
    "updateType": "TA",
    "heading": "64",
    "arrivalTime": "0"
  },
  "UAL1178-1434284118-airline-0051": {
    "ident": "UAL1178",
    "timestamp": "1434510780",
    "longitude": "-149.34766",
    "latitude": "26.08947",
    "groundspeed": "470",
    "altitude": "330",
    "updateType": "TP",
    "heading": "59",
    "arrivalTime": "0"
  },
  "JBU1515-1434328800-schedule-0102": {
    "ident": "JBU1515",
    "timestamp": "1434510463",
    "longitude": "-88.59834",
    "latitude": "45.57917",
    "groundspeed": "390",
    "altitude": "340",
    "updateType": "TZ",
    "heading": "278",
    "arrivalTime": "0"
  },
  "THY80-1434260069-airline-0258:0": {
    "ident": "THY80",
    "timestamp": "1434510764",
    "longitude": "-116.45278",
    "latitude": "41.38838",
    "groundspeed": "520",
    "altitude": "310",
    "updateType": "TA",
    "heading": "52",
    "arrivalTime": "0"
  },
  "UAL930-1434335700-schedule-0019": {
    "ident": "UAL930",
    "timestamp": "1434510694",
    "longitude": "-120.81274",
    "latitude": "38.69175",
    "groundspeed": "521",
    "altitude": "297",
    "updateType": "TA",
    "heading": "52",
    "arrivalTime": "0"
  },
  "CCA986-1434318600-schedule-0076": {
    "ident": "CCA986",
    "timestamp": "1434510454",
    "longitude": "-170.45000",
    "latitude": "64.40000",
    "groundspeed": "470",
    "altitude": "340",
    "updateType": "TZ",
    "heading": "263",
    "arrivalTime": "0"
  },
  "UAL1263-1434284069-airline-0196": {
    "ident": "UAL1263",
    "timestamp": "1434510464",
    "longitude": "-124.70444",
    "latitude": "36.40694",
    "groundspeed": "498",
    "altitude": "360",
    "updateType": "TZ",
    "heading": "59",
    "arrivalTime": "0"
  },
  "UAL1029-1434284085-airline-0037": {
    "ident": "UAL1029",
    "timestamp": "1434510764",
    "longitude": "-112.78606",
    "latitude": "37.97490",
    "groundspeed": "474",
    "altitude": "370",
    "updateType": "TA",
    "heading": "103",
    "arrivalTime": "0"
  },
  "JBU616-1434321600-schedule-0102": {
    "ident": "JBU616",
    "timestamp": "1434510778",
    "longitude": "-77.50972",
    "latitude": "42.91641",
    "groundspeed": "521",
    "altitude": "350",
    "updateType": "TA",
    "heading": "111",
    "arrivalTime": "0"
  },
  "SKW5418-1434284052-airline-0129": {
    "ident": "SKW5418",
    "timestamp": "1434510660",
    "longitude": "-122.09190",
    "latitude": "37.23905",
    "groundspeed": "",
    "altitude": "0",
    "updateType": "TZ",
    "heading": "130",
    "arrivalTime": "0"
  },
  "SIA2-1434295800-schedule-0319:0": {
    "ident": "SIA2",
    "timestamp": "1434510788",
    "longitude": "-126.43680",
    "latitude": "39.96066",
    "groundspeed": "517",
    "altitude": "370",
    "updateType": "TA",
    "heading": "113",
    "arrivalTime": "0"
  },
  "EJA215-1434492846-109-0": {
    "ident": "EJA215",
    "timestamp": "1434510482",
    "longitude": "-112.30278",
    "latitude": "40.48750",
    "groundspeed": "453",
    "altitude": "430",
    "updateType": "TZ",
    "heading": "76",
    "arrivalTime": "0"
  },
  "UAL1975-1434284069-airline-0125": {
    "ident": "UAL1975",
    "timestamp": "1434510733",
    "longitude": "-117.76444",
    "latitude": "38.01823",
    "groundspeed": "423",
    "altitude": "340",
    "updateType": "TA",
    "heading": "263",
    "arrivalTime": "0"
  },
  "BAW284-1434325200-schedule-0037:0": {
    "ident": "BAW284",
    "timestamp": "1434510743",
    "longitude": "-96.04737",
    "latitude": "46.26617",
    "groundspeed": "583",
    "altitude": "350",
    "updateType": "TA",
    "heading": "77",
    "arrivalTime": "0"
  },
  "ETD182-1434454533-ed-0000:0": {
    "ident": "ETD182",
    "timestamp": "1434510780",
    "longitude": "33.33450",
    "latitude": "54.18993",
    "groundspeed": "509",
    "altitude": "350",
    "updateType": "TP",
    "heading": "143",
    "arrivalTime": "0"
  },
  "UAL1185-1434284019-airline-0010": {
    "ident": "UAL1185",
    "timestamp": "1434510496",
    "longitude": "-100.49917",
    "latitude": "42.30917",
    "groundspeed": "493",
    "altitude": "350",
    "updateType": "TZ",
    "heading": "68",
    "arrivalTime": "0"
  },
  "ETD183-1434482511-ed-0003:0": {
    "ident": "ETD183",
    "timestamp": "1434510772",
    "longitude": "38.47079",
    "latitude": "54.88630",
    "groundspeed": "496",
    "altitude": "320",
    "updateType": "TA",
    "heading": "338",
    "arrivalTime": "0"
  },
  "VRD193-1434317100-schedule-0064": {
    "ident": "VRD193",
    "timestamp": "1434510789",
    "longitude": "-105.76343",
    "latitude": "40.00992",
    "groundspeed": "444",
    "altitude": "360",
    "updateType": "TA",
    "heading": "274",
    "arrivalTime": "0"
  },
  "CES590-1434308400-schedule-0066": {
    "ident": "CES590",
    "timestamp": "1434510780",
    "longitude": "151.07436",
    "latitude": "43.87200",
    "groundspeed": "459",
    "altitude": "370",
    "updateType": "TP",
    "heading": "227",
    "arrivalTime": "0"
  },
  "BAW286-1434333900-schedule-0025:0": {
    "ident": "BAW286",
    "timestamp": "1434510703",
    "longitude": "-117.78674",
    "latitude": "40.39873",
    "groundspeed": "520",
    "altitude": "330",
    "updateType": "TA",
    "heading": "60",
    "arrivalTime": "0"
  },
  "AAL85-1434310200-schedule-0248": {
    "ident": "AAL85",
    "timestamp": "1434510691",
    "longitude": "-107.48520",
    "latitude": "43.19200",
    "groundspeed": "415",
    "altitude": "320",
    "updateType": "TA",
    "heading": "257",
    "arrivalTime": "0"
  },
  "VRD357-1434322740-schedule-0011": {
    "ident": "VRD357",
    "timestamp": "1434510744",
    "longitude": "-96.89930",
    "latitude": "43.71260",
    "groundspeed": "372",
    "altitude": "380",
    "updateType": "TA",
    "heading": "255",
    "arrivalTime": "0"
  },
  "HAL42-1434328500-schedule-0036": {
    "ident": "HAL42",
    "timestamp": "1434510780",
    "longitude": "-137.94485",
    "latitude": "31.59787",
    "groundspeed": "499",
    "altitude": "410",
    "updateType": "TP",
    "heading": "64",
    "arrivalTime": "0"
  },
  "SWA2959-1434325800-schedule-0118": {
    "ident": "SWA2959",
    "timestamp": "1434510440",
    "longitude": "-121.41666",
    "latitude": "37.58333",
    "groundspeed": "353",
    "altitude": "145",
    "updateType": "TZ",
    "heading": "270",
    "arrivalTime": "0"
  },
  "ACA781-1434318300-schedule-0158": {
    "ident": "ACA781",
    "timestamp": "1434510483",
    "longitude": "-109.16805",
    "latitude": "41.38028",
    "groundspeed": "417",
    "altitude": "340",
    "updateType": "TZ",
    "heading": "256",
    "arrivalTime": "0"
  },
  "SKW6387-1434284361-airline-0013": {
    "ident": "SKW6387",
    "timestamp": "1434510428",
    "longitude": "-118.81250",
    "latitude": "35.11028",
    "groundspeed": "511",
    "altitude": "300",
    "updateType": "TZ",
    "heading": "127",
    "arrivalTime": "0"
  },
  "UAL1666-1434284247-airline-0024": {
    "ident": "UAL1666",
    "timestamp": "1434510800",
    "longitude": "-91.86967",
    "latitude": "45.74907",
    "groundspeed": "389",
    "altitude": "360",
    "updateType": "TA",
    "heading": "260",
    "arrivalTime": "0"
  },
  "UAL1118-1434284019-airline-0007": {
    "ident": "UAL1118",
    "timestamp": "1434510783",
    "longitude": "-121.70380",
    "latitude": "36.50125",
    "groundspeed": "362",
    "altitude": "226",
    "updateType": "TA",
    "heading": "328",
    "arrivalTime": "0"
  },
  "DAL373-1434326700-schedule-0037": {
    "ident": "DAL373",
    "timestamp": "1434510496",
    "longitude": "-103.94028",
    "latitude": "38.68250",
    "groundspeed": "437",
    "altitude": "339",
    "updateType": "TZ",
    "heading": "256",
    "arrivalTime": "0"
  },
  "UAL857-1434315000-schedule-0109": {
    "ident": "UAL857",
    "timestamp": "1434510440",
    "longitude": "172.00000",
    "latitude": "54.93333",
    "groundspeed": "550",
    "altitude": "360",
    "updateType": "TZ",
    "heading": "263",
    "arrivalTime": "0"
  },
  "UAL1120-1434284101-airline-0050": {
    "ident": "UAL1120",
    "timestamp": "1434510783",
    "longitude": "-98.11787",
    "latitude": "30.86266",
    "groundspeed": "466",
    "altitude": "330",
    "updateType": "TA",
    "heading": "99",
    "arrivalTime": "0"
  },
  "UAL230-1434261195-airline-0096": {
    "ident": "UAL230",
    "timestamp": "1434510452",
    "longitude": "-103.16861",
    "latitude": "31.41889",
    "groundspeed": "470",
    "altitude": "369",
    "updateType": "TZ",
    "heading": "98",
    "arrivalTime": "0"
  },
  "UAL382-1434284247-airline-0088": {
    "ident": "UAL382",
    "timestamp": "1434510456",
    "longitude": "-107.13778",
    "latitude": "45.93333",
    "groundspeed": "403",
    "altitude": "360",
    "updateType": "TZ",
    "heading": "237",
    "arrivalTime": "0"
  },
  "WJA1776-1434335700-schedule-0001": {
    "ident": "WJA1776",
    "timestamp": "1434510742",
    "longitude": "-123.42393",
    "latitude": "47.42193",
    "groundspeed": "426",
    "altitude": "390",
    "updateType": "TA",
    "heading": "178",
    "arrivalTime": "0"
  },
  "CSN660-1434315300-schedule-0069": {
    "ident": "CSN660",
    "timestamp": "1434510460",
    "longitude": "-171.96666",
    "latitude": "55.06667",
    "groundspeed": "510",
    "altitude": "360",
    "updateType": "TZ",
    "heading": "277",
    "arrivalTime": "0"
  },
  "UAL1670-1434284247-airline-0054": {
    "ident": "UAL1670",
    "timestamp": "1434510464",
    "longitude": "-123.96555",
    "latitude": "37.03833",
    "groundspeed": "432",
    "altitude": "230",
    "updateType": "TZ",
    "heading": "233",
    "arrivalTime": "0"
  },
  "AAL1540-1434328500-schedule-0007": {
    "ident": "AAL1540",
    "timestamp": "1434510719",
    "longitude": "-101.68450",
    "latitude": "42.60009",
    "groundspeed": "481",
    "altitude": "350",
    "updateType": "TA",
    "heading": "92",
    "arrivalTime": "0"
  },
  "VRD211-1434325200-schedule-0012": {
    "ident": "VRD211",
    "timestamp": "1434510756",
    "longitude": "-114.99950",
    "latitude": "41.30150",
    "groundspeed": "420",
    "altitude": "360",
    "updateType": "TA",
    "heading": "244",
    "arrivalTime": "0"
  },
  "AAL20-1434320100-schedule-0057": {
    "ident": "AAL20",
    "timestamp": "1434510763",
    "longitude": "-74.53473",
    "latitude": "41.11432",
    "groundspeed": "343",
    "altitude": "200",
    "updateType": "TA",
    "heading": "213",
    "arrivalTime": "0"
  },
  "UAL1437-1434270274-airline-0061": {
    "ident": "UAL1437",
    "timestamp": "1434510496",
    "longitude": "-103.78389",
    "latitude": "42.32750",
    "groundspeed": "410",
    "altitude": "340",
    "updateType": "TZ",
    "heading": "261",
    "arrivalTime": "0"
  },
  "SWA2336-1434329400-schedule-0001": {
    "ident": "SWA2336",
    "timestamp": "1434510459",
    "longitude": "-105.77361",
    "latitude": "40.51944",
    "groundspeed": "410",
    "altitude": "360",
    "updateType": "TZ",
    "heading": "259",
    "arrivalTime": "0"
  },
  "SWA4037-1434333600-schedule-0032": {
    "ident": "SWA4037",
    "timestamp": "1434510488",
    "longitude": "-122.10000",
    "latitude": "37.23333",
    "groundspeed": "237",
    "altitude": "99",
    "updateType": "TZ",
    "heading": "321",
    "arrivalTime": "0"
  },
  "UAL1914-1434284118-airline-0063": {
    "ident": "UAL1914",
    "timestamp": "1434510772",
    "longitude": "-101.70290",
    "latitude": "31.22841",
    "groundspeed": "459",
    "altitude": "370",
    "updateType": "TA",
    "heading": "99",
    "arrivalTime": "0"
  },
  "VRD759-1434334800-schedule-0079": {
    "ident": "VRD759",
    "timestamp": "1434510786",
    "longitude": "-123.24476",
    "latitude": "42.33474",
    "groundspeed": "431",
    "altitude": "370",
    "updateType": "TA",
    "heading": "178",
    "arrivalTime": "0"
  },
  "AAL2352-1434326400-schedule-0130": {
    "ident": "AAL2352",
    "timestamp": "1434510435",
    "longitude": "-97.80055",
    "latitude": "33.42472",
    "groundspeed": "322",
    "altitude": "137",
    "updateType": "TZ",
    "heading": "117",
    "arrivalTime": "0"
  },
  "UAL72-1434284101-airline-0125": {
    "ident": "UAL72",
    "timestamp": "1434510735",
    "longitude": "-87.89290",
    "latitude": "44.41530",
    "groundspeed": "520",
    "altitude": "370",
    "updateType": "TA",
    "heading": "100",
    "arrivalTime": "0"
  },
  "UAL1521-1434253136-airline-0032": {
    "ident": "UAL1521",
    "timestamp": "1434510798",
    "longitude": "-123.12160",
    "latitude": "40.49649",
    "groundspeed": "456",
    "altitude": "350",
    "updateType": "TA",
    "heading": "175",
    "arrivalTime": "0"
  },
  "SWA799-1434331200-schedule-0102": {
    "ident": "SWA799",
    "timestamp": "1434510435",
    "longitude": "-117.45778",
    "latitude": "34.69417",
    "groundspeed": "478",
    "altitude": "350",
    "updateType": "TZ",
    "heading": "116",
    "arrivalTime": "0"
  },
  "UAL864-1434260605-airline-0202": {
    "ident": "UAL864",
    "timestamp": "1434510444",
    "longitude": "-112.27000",
    "latitude": "39.39833",
    "groundspeed": "427",
    "altitude": "380",
    "updateType": "TZ",
    "heading": "253",
    "arrivalTime": "0"
  },
  "ASA304-1434331800-schedule-0178": {
    "ident": "ASA304",
    "timestamp": "1434510464",
    "longitude": "-123.03222",
    "latitude": "39.32944",
    "groundspeed": "445",
    "altitude": "330",
    "updateType": "TZ",
    "heading": "172",
    "arrivalTime": "0"
  },
  "UAL1197-1434261211-airline-0006": {
    "ident": "UAL1197",
    "timestamp": "1434510714",
    "longitude": "-123.53053",
    "latitude": "43.90775",
    "groundspeed": "456",
    "altitude": "370",
    "updateType": "TA",
    "heading": "170",
    "arrivalTime": "0"
  },
  "UAL73-1434284101-airline-0197": {
    "ident": "UAL73",
    "timestamp": "1434510780",
    "longitude": "-150.95695",
    "latitude": "23.81523",
    "groundspeed": "482",
    "altitude": "320",
    "updateType": "TP",
    "heading": "242",
    "arrivalTime": "0"
  },
  "UAL1756-1434282568-airline-0137": {
    "ident": "UAL1756",
    "timestamp": "1434510775",
    "longitude": "-115.98450",
    "latitude": "38.14611",
    "groundspeed": "429",
    "altitude": "360",
    "updateType": "TA",
    "heading": "265",
    "arrivalTime": "0"
  },
  "CPA872-1434385855-704-0": {
    "ident": "CPA872",
    "timestamp": "1434510780",
    "longitude": "-137.42538",
    "latitude": "39.82698",
    "groundspeed": "541",
    "altitude": "370",
    "updateType": "TP",
    "heading": "96",
    "arrivalTime": "0"
  },
  "UAL390-1434260605-airline-0068": {
    "ident": "UAL390",
    "timestamp": "1434510446",
    "longitude": "-104.77139",
    "latitude": "42.18833",
    "groundspeed": "484",
    "altitude": "350",
    "updateType": "TZ",
    "heading": "84",
    "arrivalTime": "0"
  },
  "SKW6326-1434259575-airline-0005": {
    "ident": "SKW6326",
    "timestamp": "1434510460",
    "longitude": "-120.52750",
    "latitude": "34.97028",
    "groundspeed": "396",
    "altitude": "185",
    "updateType": "TZ",
    "heading": "141",
    "arrivalTime": "0"
  },
  "DLH455-1434259954-airline-0098:2": {
    "ident": "DLH455",
    "timestamp": "1434510473",
    "longitude": "-67.83334",
    "latitude": "54.91667",
    "groundspeed": "530",
    "altitude": "370",
    "updateType": "TZ",
    "heading": "77",
    "arrivalTime": "0"
  },
  "CPZ6444-1434330000-schedule-0097": {
    "ident": "CPZ6444",
    "timestamp": "1434510472",
    "longitude": "-118.98750",
    "latitude": "33.97639",
    "groundspeed": "350",
    "altitude": "127",
    "updateType": "TZ",
    "heading": "308",
    "arrivalTime": "0"
  },
  "UAL1606-1434284118-airline-0148": {
    "ident": "UAL1606",
    "timestamp": "1434510662",
    "longitude": "-106.79541",
    "latitude": "40.84279",
    "groundspeed": "493",
    "altitude": "330",
    "updateType": "TA",
    "heading": "76",
    "arrivalTime": "0"
  },
  "PAL104-1434290400-schedule-0375": {
    "ident": "PAL104",
    "timestamp": "1434510117",
    "longitude": "-122.30640",
    "latitude": "37.58986",
    "groundspeed": "139",
    "altitude": "9",
    "updateType": "TA",
    "heading": "298",
    "arrivalTime": "1434510163"
  },
  "UAL1683-1434284069-airline-0162": {
    "ident": "UAL1683",
    "timestamp": "1434510032",
    "longitude": "-74.20000",
    "latitude": "40.65000",
    "groundspeed": "140",
    "altitude": "7",
    "updateType": "TZ",
    "heading": "21",
    "arrivalTime": "1434510060"
  },
  "ASA386-1434331800-schedule-0042": {
    "ident": "ASA386",
    "timestamp": "1434509975",
    "longitude": "-122.31028",
    "latitude": "37.59083",
    "groundspeed": "153",
    "altitude": "7",
    "updateType": "TZ",
    "heading": "299",
    "arrivalTime": "1434510036"
  },
  "VRD1178-1434318000-schedule-0065": {
    "ident": "VRD1178",
    "timestamp": "1434509872",
    "longitude": "-74.19916",
    "latitude": "40.63834",
    "groundspeed": "125",
    "altitude": "9",
    "updateType": "TA",
    "heading": "24",
    "arrivalTime": "1434509927"
  },
  "SKW6426-1434284345-airline-0064": {
    "ident": "SKW6426",
    "timestamp": "1434510285",
    "longitude": "-93.13023",
    "latitude": "44.85336",
    "groundspeed": "183",
    "altitude": "20",
    "updateType": "TA",
    "heading": "302",
    "arrivalTime": "1434510361"
  },
  "JBU1635-1434333360-schedule-0001": {
    "ident": "JBU1635",
    "timestamp": "1434510172",
    "longitude": "-118.11667",
    "latitude": "33.78333",
    "groundspeed": "147",
    "altitude": "7",
    "updateType": "TZ",
    "heading": "301",
    "arrivalTime": "1434510180"
  },
  "SKW6269-1434259558-airline-0199": {
    "ident": "SKW6269",
    "timestamp": "1434509983",
    "longitude": "-122.31242",
    "latitude": "37.59521",
    "groundspeed": "123",
    "altitude": "8",
    "updateType": "TA",
    "heading": "297",
    "arrivalTime": "1434510043"
  },
  "SKW5549-1434259541-airline-0158": {
    "ident": "SKW5549",
    "timestamp": "1434510122",
    "longitude": "-122.32750",
    "latitude": "37.59806",
    "groundspeed": "126",
    "altitude": "6",
    "updateType": "TZ",
    "heading": "300",
    "arrivalTime": "1434510120"
  },
  "UAL522-1434260605-airline-0119": {
    "ident": "UAL522",
    "timestamp": "1434510207",
    "longitude": "-122.30334",
    "latitude": "37.58778",
    "groundspeed": "166",
    "altitude": "10",
    "updateType": "TZ",
    "heading": "297",
    "arrivalTime": "1434510300"
  },
  "UAL611-1434252434-airline-0090": {
    "ident": "UAL611",
    "timestamp": "1434510449",
    "longitude": "-122.31861",
    "latitude": "47.22917",
    "groundspeed": "234",
    "altitude": "43",
    "updateType": "TZ",
    "heading": "8",
    "arrivalTime": "1434510660"
  },
  "RBY717-1434492814-739-0": {
    "ident": "RBY717",
    "timestamp": "1434510179",
    "longitude": "-122.26583",
    "latitude": "47.48611",
    "groundspeed": "143",
    "altitude": "8",
    "updateType": "TZ",
    "heading": "332",
    "arrivalTime": "1434510229"
  },
  "DAL445-1434309900-schedule-0208": {
    "ident": "DAL445",
    "timestamp": "1434510323",
    "longitude": "-122.31652",
    "latitude": "37.59666",
    "groundspeed": "135",
    "altitude": "7",
    "updateType": "TA",
    "heading": "298",
    "arrivalTime": "1434510382"
  },
  "UAL1497-1434254353-airline-0075": {
    "ident": "UAL1497",
    "timestamp": "1434510416",
    "longitude": "-122.28333",
    "latitude": "37.58333",
    "groundspeed": "151",
    "altitude": "13",
    "updateType": "TZ",
    "heading": "293",
    "arrivalTime": "1434510480"
  },
  "EJA766-1434485287-246-0": {
    "ident": "EJA766",
    "timestamp": "1434509704",
    "longitude": "-77.46036",
    "latitude": "38.88821",
    "groundspeed": "156",
    "altitude": "11",
    "updateType": "TA",
    "heading": "1",
    "arrivalTime": "1434509940"
  },
  "VRD918-1434330600-schedule-0097": {
    "ident": "VRD918",
    "timestamp": "1434510598",
    "longitude": "-115.09130",
    "latitude": "36.07365",
    "groundspeed": "131",
    "altitude": "28",
    "updateType": "TA",
    "heading": "270",
    "arrivalTime": "1434510648"
  },
  "CAL4-1434296400-schedule-0102": {
    "ident": "CAL4",
    "timestamp": "1434510502",
    "longitude": "-122.26822",
    "latitude": "37.57385",
    "groundspeed": "149",
    "altitude": "15",
    "updateType": "TA",
    "heading": "298",
    "arrivalTime": "1434510600"
  }
}
